{"0": {"precision": 0.8106060606060606, "recall": 0.7086092715231788, "f1-score": 0.7561837455830389, "support": 151.0}, "1": {"precision": 0.5555555555555556, "recall": 0.6875, "f1-score": 0.6145251396648045, "support": 80.0}, "accuracy": 0.7012987012987013, "macro avg": {"precision": 0.6830808080808081, "recall": 0.6980546357615893, "f1-score": 0.6853544426239218, "support": 231.0}, "weighted avg": {"precision": 0.7222768813677904, "recall": 0.7012987012987013, "f1-score": 0.7071244881221785, "support": 231.0}}